Open,High,Low,Volume,Close,Date
65760.01,65794.44,65603.33,189.66981,65660.0,2024-06-20 14:00:00
65858.84,65927.48,65718.95,412.822,65760.01,2024-06-20 13:30:00
65854.02,65967.39,65788.24,398.04021,65858.84,2024-06-20 13:00:00
65465.24,65966.0,65465.23,724.55734,65854.01,2024-06-20 12:30:00
65541.62,65630.0,65386.0,247.83525,65465.24,2024-06-20 12:00:00
65513.93,65635.83,65472.65,570.5319,65541.63,2024-06-20 11:30:00
65360.87,65613.3,65360.0,462.23146,65513.93,2024-06-20 11:00:00
65306.01,65395.42,65252.0,335.76777,65360.88,2024-06-20 10:30:00
65156.5,65338.72,65140.81,279.02781,65306.01,2024-06-20 10:00:00
65190.0,65194.25,65070.91,200.49735,65156.49,2024-06-20 09:30:00
65152.74,65244.21,65139.73,230.0136,65189.99,2024-06-20 09:00:00
65197.45,65223.88,65092.0,146.16513,65152.74,2024-06-20 08:30:00
65152.01,65237.11,65090.0,199.13487,65197.45,2024-06-20 08:00:00
65158.57,65210.01,64960.0,428.60035,65152.0,2024-06-20 07:30:00
65269.74,65407.4,65056.3,431.71621,65158.56,2024-06-20 07:00:00
65098.0,65294.09,65033.02,285.30166,65269.74,2024-06-20 06:30:00
64900.51,65100.36,64866.23,446.23073,65098.01,2024-06-20 06:00:00
64974.37,65000.82,64818.72,596.96423,64900.5,2024-06-20 05:30:00
64913.44,64995.19,64816.58,157.3099,64974.37,2024-06-20 05:00:00
64836.01,64942.0,64805.01,122.80774,64913.44,2024-06-20 04:30:00
64985.99,64994.98,64836.0,153.84827,64836.01,2024-06-20 04:00:00
65004.38,65048.23,64936.01,151.45853,64986.0,2024-06-20 03:30:00
65045.99,65087.76,65001.17,134.35134,65004.38,2024-06-20 03:00:00
64874.76,65057.12,64836.98,218.97705,65046.0,2024-06-20 02:30:00
64857.02,64933.74,64735.39,209.48274,64874.76,2024-06-20 02:00:00
64882.02,64910.0,64666.0,381.46134,64857.02,2024-06-20 01:30:00
64842.46,64924.72,64791.76,200.39124,64882.01,2024-06-20 01:00:00
64973.0,64985.49,64818.34,246.85222,64842.45,2024-06-20 00:30:00
65072.76,65099.99,64964.06,272.32645,64973.0,2024-06-20 00:00:00
65083.99,65158.79,65050.0,192.60048,65072.77,2024-06-19 23:30:00
65177.01,65177.01,65044.18,260.70348,65083.99,2024-06-19 23:00:00
64922.26,65284.37,64894.25,612.83732,65177.01,2024-06-19 22:30:00
65074.23,65100.0,64899.01,340.97042,64922.26,2024-06-19 22:00:00
64921.99,65100.03,64807.35,460.6189,65074.24,2024-06-19 21:30:00
64950.69,64969.99,64756.28,547.72715,64922.0,2024-06-19 21:00:00
64952.02,65129.57,64910.32,250.78248,64950.69,2024-06-19 20:30:00
64899.99,65060.29,64832.57,472.27214,64952.02,2024-06-19 20:00:00
65090.22,65141.89,64854.0,750.53724,64900.0,2024-06-19 19:30:00
65176.0,65190.0,65054.0,267.98074,65090.22,2024-06-19 19:00:00
65192.21,65245.21,65120.0,312.29995,65176.0,2024-06-19 18:30:00
65132.02,65214.0,65036.01,276.23049,65192.21,2024-06-19 18:00:00
65210.0,65310.02,65030.48,352.86733,65132.02,2024-06-19 17:30:00
65460.0,65487.03,65000.0,1369.59663,65210.0,2024-06-19 17:00:00
65520.0,65544.0,65352.95,274.80384,65459.99,2024-06-19 16:30:00
65152.0,65520.0,65151.99,399.67882,65520.0,2024-06-19 16:00:00
65306.66,65340.0,65132.09,312.70906,65151.99,2024-06-19 15:30:00
65161.11,65306.66,65090.0,468.78661,65306.65,2024-06-19 15:00:00
65183.89,65270.0,65072.0,333.29589,65161.11,2024-06-19 14:30:00
65186.9,65245.34,65102.0,363.93298,65183.89,2024-06-19 14:00:00
65326.89,65356.0,65180.0,328.92129,65186.91,2024-06-19 13:30:00
65238.0,65365.62,65158.05,350.89108,65326.89,2024-06-19 13:00:00
65600.0,65656.24,65216.72,750.4836,65238.0,2024-06-19 12:30:00
65479.99,65600.0,65454.54,408.54952,65599.99,2024-06-19 12:00:00
65413.09,65549.38,65400.0,298.88679,65480.0,2024-06-19 11:30:00
65466.0,65557.13,65395.51,234.08152,65413.09,2024-06-19 11:00:00
65425.56,65533.23,65335.0,384.94782,65466.0,2024-06-19 10:30:00
65597.71,65620.0,65422.44,398.44795,65425.56,2024-06-19 10:00:00
65404.0,65727.54,65349.99,772.9208,65597.72,2024-06-19 09:30:00
65477.16,65603.91,65392.16,574.14504,65404.0,2024-06-19 09:00:00
65327.94,65571.58,65282.0,504.67521,65477.16,2024-06-19 08:30:00
65462.0,65489.43,65167.22,484.51157,65327.94,2024-06-19 08:00:00
65035.59,65476.84,65012.0,499.97057,65462.01,2024-06-19 07:30:00
65176.0,65206.79,64810.62,896.17061,65035.59,2024-06-19 07:00:00
65142.53,65500.0,65135.98,1262.77312,65176.01,2024-06-19 06:30:00
64891.02,65225.89,64884.0,393.23796,65142.54,2024-06-19 06:00:00
65175.32,65195.56,64855.96,646.68254,64891.02,2024-06-19 05:30:00
65160.0,65220.88,65056.29,436.45291,65175.32,2024-06-19 05:00:00
65279.99,65279.99,65120.07,375.18908,65159.99,2024-06-19 04:30:00
65144.0,65300.0,65097.74,315.06402,65279.99,2024-06-19 04:00:00
65220.02,65263.51,65052.44,462.41262,65144.0,2024-06-19 03:30:00
64988.02,65305.0,64926.0,376.20317,65220.02,2024-06-19 03:00:00
64936.5,65216.54,64797.48,706.08397,64988.01,2024-06-19 02:30:00
64479.26,65048.21,64346.0,897.66753,64936.51,2024-06-19 02:00:00
64412.18,64683.85,64178.1,1296.73592,64479.27,2024-06-19 01:30:00
64571.99,64601.99,64060.0,1467.73317,64412.19,2024-06-19 01:00:00
64678.0,64738.83,64400.0,721.35331,64572.0,2024-06-19 00:30:00
64749.18,64867.88,64622.33,435.22486,64678.01,2024-06-19 00:00:00
64609.99,64808.29,64321.0,805.38366,64749.19,2024-06-18 23:30:00
64480.0,64801.0,64400.0,714.6829,64610.0,2024-06-18 23:00:00
64700.99,64904.91,64452.45,777.65123,64479.99,2024-06-18 22:30:00
64635.51,64711.57,64340.9,899.63541,64700.99,2024-06-18 22:00:00
64705.99,64868.98,64336.0,1153.26706,64635.52,2024-06-18 21:30:00
64449.22,64929.95,64449.22,1013.68118,64706.0,2024-06-18 21:00:00
64634.0,64770.11,64261.12,1607.25613,64449.23,2024-06-18 20:30:00
65086.01,65406.0,64574.61,1226.49853,64633.99,2024-06-18 20:00:00
64844.01,65198.82,64359.92,2554.27047,65086.01,2024-06-18 19:30:00
64898.02,65037.53,64638.06,1564.06977,64844.0,2024-06-18 19:00:00
65231.95,65268.0,64811.11,1496.72144,64898.02,2024-06-18 18:30:00
65026.01,65352.31,65006.0,1156.42137,65231.95,2024-06-18 18:00:00
65366.0,65433.97,65001.0,776.59288,65026.0,2024-06-18 17:30:00
65190.93,65461.46,65100.0,770.25277,65366.0,2024-06-18 17:00:00
65435.51,65487.83,65190.93,800.90738,65190.94,2024-06-18 16:30:00
65529.4,65612.84,65412.25,319.37679,65435.52,2024-06-18 16:00:00
65469.92,65529.41,65344.99,584.9107,65529.4,2024-06-18 15:30:00
65612.03,65652.6,65439.97,371.60086,65469.92,2024-06-18 15:00:00
65727.54,65727.54,65550.0,356.05773,65612.03,2024-06-18 14:30:00
65606.88,65750.01,65588.0,247.73269,65727.53,2024-06-18 14:00:00
65672.51,65746.0,65601.72,281.3167,65606.88,2024-06-18 13:30:00
65655.99,65800.0,65586.88,458.85962,65672.51,2024-06-18 13:00:00
65499.99,65744.34,65489.56,456.33915,65656.0,2024-06-18 12:30:00
65558.08,65642.0,65389.44,584.1998,65500.0,2024-06-18 12:00:00
65596.01,65732.16,65505.99,690.72419,65558.08,2024-06-18 11:30:00
65798.0,65845.47,65555.0,551.92421,65596.01,2024-06-18 11:00:00
65574.21,65820.0,65558.0,496.23041,65798.01,2024-06-18 10:30:00
65704.0,65734.0,65556.21,394.68503,65574.21,2024-06-18 10:00:00
65500.0,65769.25,65344.24,707.36624,65704.0,2024-06-18 09:30:00
65454.59,65575.16,65380.0,503.05117,65500.0,2024-06-18 09:00:00
65467.42,65534.33,65268.0,659.31035,65454.59,2024-06-18 08:30:00
65304.12,65653.68,65264.54,1241.21798,65467.43,2024-06-18 08:00:00
65133.99,65400.0,64569.0,2011.54232,65304.12,2024-06-18 07:30:00
65428.98,65543.5,64600.0,3550.11362,65133.99,2024-06-18 07:00:00
65749.98,65966.11,65262.0,1211.0896,65428.99,2024-06-18 06:30:00
66342.89,66500.0,65485.71,1501.3748,65749.99,2024-06-18 06:00:00
66504.33,66588.23,66262.22,363.66574,66342.89,2024-06-18 05:30:00
66484.0,66552.0,66392.79,783.14538,66504.33,2024-06-18 05:00:00
66656.01,66714.81,66473.07,244.1008,66483.99,2024-06-18 04:30:00
66524.02,66702.99,66482.0,171.72614,66656.0,2024-06-18 04:00:00
66572.0,66699.45,66502.48,264.53568,66524.02,2024-06-18 03:30:00
66579.37,66717.9,66503.13,233.96961,66572.0,2024-06-18 03:00:00
66397.94,66635.65,66306.46,383.55773,66579.36,2024-06-18 02:30:00
66557.98,66651.13,66338.02,372.42309,66397.94,2024-06-18 02:00:00
66691.99,66764.7,66164.01,1053.02624,66557.97,2024-06-18 01:30:00
66920.13,66920.13,66562.68,451.72959,66691.99,2024-06-18 01:00:00
67101.48,67114.0,66710.31,623.38969,66920.13,2024-06-18 00:30:00
67014.0,67298.81,66670.26,1522.4635,67101.48,2024-06-18 00:00:00
66607.27,67069.57,66550.03,1681.11606,67013.99,2024-06-17 23:30:00
65970.5,66607.28,65970.5,1398.66102,66607.28,2024-06-17 23:00:00
65898.01,66146.0,65898.0,537.88927,65970.5,2024-06-17 22:30:00
65828.02,66056.65,65722.8,761.79394,65898.0,2024-06-17 22:00:00
65368.0,65857.55,65138.0,1303.03988,65829.45,2024-06-17 21:30:00
65406.35,65666.66,65239.97,537.45822,65368.0,2024-06-17 21:00:00
65472.98,65788.73,65252.0,819.34636,65406.35,2024-06-17 20:30:00
65550.03,65790.0,65383.79,660.72514,65472.98,2024-06-17 20:00:00
65200.0,65565.91,65130.0,721.61885,65550.03,2024-06-17 19:30:00
65704.0,65718.0,65189.0,1153.81213,65200.01,2024-06-17 19:00:00
65625.49,65807.05,65458.0,594.06569,65704.0,2024-06-17 18:30:00
65701.28,65723.14,65500.0,397.02659,65625.01,2024-06-17 18:00:00
65817.2,65827.9,65630.0,469.68279,65701.29,2024-06-17 17:30:00
65953.16,65953.16,65796.01,274.90139,65817.2,2024-06-17 17:00:00
65890.01,66051.5,65866.02,435.34427,65953.16,2024-06-17 16:30:00
65586.02,65960.01,65586.01,521.8512,65890.0,2024-06-17 16:00:00
65722.07,65843.36,65556.0,872.13099,65586.02,2024-06-17 15:30:00
66211.98,66250.01,65645.34,958.48265,65722.08,2024-06-17 15:00:00
66194.5,66237.46,66102.01,302.46496,66211.99,2024-06-17 14:30:00
66168.01,66270.86,65984.01,509.39675,66194.51,2024-06-17 14:00:00
66172.0,66317.64,66120.0,220.85782,66168.02,2024-06-17 13:30:00
66290.02,66376.0,66158.52,346.73992,66172.0,2024-06-17 13:00:00
66132.4,66304.0,65939.67,685.29173,66290.02,2024-06-17 12:30:00
66306.02,66316.6,66080.0,413.59182,66132.4,2024-06-17 12:00:00
66351.62,66398.0,66154.59,423.70202,66306.02,2024-06-17 11:30:00
66534.01,66553.3,66295.0,248.12517,66351.62,2024-06-17 11:00:00
66447.88,66567.68,66391.98,228.28192,66534.01,2024-06-17 10:30:00
66358.01,66447.88,66336.01,188.33997,66447.88,2024-06-17 10:00:00
66222.0,66384.0,66170.77,308.98087,66358.01,2024-06-17 09:30:00
66344.0,66364.0,66155.0,299.61944,66222.0,2024-06-17 09:00:00
66344.01,66431.36,66307.16,233.55538,66344.01,2024-06-17 08:30:00
66269.99,66400.0,66245.45,485.51049,66344.02,2024-06-17 08:00:00
66472.25,66480.0,66213.71,591.16797,66269.99,2024-06-17 07:30:00
66414.01,66528.6,66326.0,387.58084,66472.26,2024-06-17 07:00:00
66583.96,66610.0,66234.26,574.38882,66414.01,2024-06-17 06:30:00
66753.28,66913.69,66550.0,236.80092,66583.96,2024-06-17 06:00:00
66676.86,66753.29,66549.37,498.75781,66753.29,2024-06-17 05:30:00
66638.11,66689.61,66634.45,178.20437,66676.87,2024-06-17 05:00:00
66755.99,66826.13,66631.4,208.11874,66638.11,2024-06-17 04:30:00
66734.45,66797.43,66664.01,288.31008,66755.99,2024-06-17 04:00:00
66525.01,66998.7,66525.0,858.45756,66734.45,2024-06-17 03:30:00
66520.0,66541.53,66460.0,107.35301,66525.0,2024-06-17 03:00:00
66517.54,66535.18,66484.93,81.94941,66520.0,2024-06-17 02:30:00
66609.33,66609.33,66484.67,131.19893,66517.55,2024-06-17 02:00:00
66562.52,66620.01,66461.25,177.80301,66609.33,2024-06-17 01:30:00
66600.0,66600.01,66522.0,103.26373,66562.52,2024-06-17 01:00:00
66590.01,66647.69,66590.0,74.27016,66600.01,2024-06-17 00:30:00
66654.72,66669.95,66590.0,90.11542,66590.01,2024-06-17 00:00:00
66578.02,66654.72,66573.51,147.26757,66654.72,2024-06-16 23:30:00
66604.26,66604.26,66530.73,144.38712,66578.02,2024-06-16 23:00:00
66592.19,66669.99,66522.0,227.95754,66604.27,2024-06-16 22:30:00
66637.58,66652.0,66557.2,167.85451,66592.19,2024-06-16 22:00:00
66712.8,66744.71,66596.0,185.34926,66637.58,2024-06-16 21:30:00
66603.99,66723.0,66582.2,178.47382,66712.8,2024-06-16 21:00:00
66519.01,66679.99,66512.06,147.96646,66604.0,2024-06-16 20:30:00
66570.0,66632.5,66504.0,266.75084,66519.02,2024-06-16 20:00:00
66762.49,66793.72,66529.29,388.47375,66570.01,2024-06-16 19:30:00
66692.1,66762.5,66560.0,337.75327,66762.49,2024-06-16 19:00:00
66597.48,66709.67,66570.0,219.10425,66692.1,2024-06-16 18:30:00
66598.9,66642.2,66509.13,131.36988,66597.47,2024-06-16 18:00:00
66492.83,66630.0,66480.0,184.43432,66598.9,2024-06-16 17:30:00
66554.86,66643.08,66435.15,210.89188,66492.83,2024-06-16 17:00:00
66716.31,66742.39,66554.85,243.47128,66554.85,2024-06-16 16:30:00
66417.87,66770.0,66408.17,631.03626,66716.31,2024-06-16 16:00:00
66409.97,66449.49,66372.47,214.99277,66417.88,2024-06-16 15:30:00
66384.5,66409.97,66321.5,127.07807,66409.97,2024-06-16 15:00:00
66272.51,66428.45,66172.5,752.92701,66384.51,2024-06-16 14:30:00
66330.72,66330.72,66241.64,107.27413,66272.51,2024-06-16 14:00:00
66266.3,66340.0,66250.0,108.10745,66330.72,2024-06-16 13:30:00
66290.0,66296.31,66252.0,104.5114,66266.3,2024-06-16 13:00:00
66312.01,66357.97,66280.0,159.43397,66290.0,2024-06-16 12:30:00
66222.74,66360.18,66178.77,258.92177,66312.01,2024-06-16 12:00:00
66264.0,66280.0,66222.73,161.20025,66222.74,2024-06-16 11:30:00
66217.75,66264.0,66200.38,168.93939,66264.0,2024-06-16 11:00:00
66166.02,66226.99,66166.01,123.83649,66217.75,2024-06-16 10:30:00
66083.08,66207.72,66083.0,95.61901,66166.02,2024-06-16 10:00:00
66145.99,66146.0,66034.5,107.50493,66083.09,2024-06-16 09:30:00
66124.18,66146.0,66076.55,104.65357,66146.0,2024-06-16 09:00:00
66142.86,66164.3,66124.17,56.22107,66124.18,2024-06-16 08:30:00
66181.25,66181.26,66114.27,68.6806,66142.86,2024-06-16 08:00:00
66175.68,66182.26,66125.04,81.17692,66181.26,2024-06-16 07:30:00
66143.0,66175.68,66121.79,81.84404,66175.68,2024-06-16 07:00:00
66161.96,66218.48,66102.03,174.41451,66143.0,2024-06-16 06:30:00
66251.08,66269.74,66161.95,84.35344,66161.96,2024-06-16 06:00:00
66228.25,66260.0,66189.9,139.24501,66251.09,2024-06-16 05:30:00
66256.78,66287.76,66215.4,106.70475,66228.25,2024-06-16 05:00:00
66199.99,66258.82,66199.99,111.78653,66256.78,2024-06-16 04:30:00
66094.2,66200.0,66046.98,157.77189,66200.0,2024-06-16 04:00:00
66126.89,66126.89,66045.08,193.22144,66094.2,2024-06-16 03:30:00
66105.45,66146.13,66083.32,105.88245,66126.89,2024-06-16 03:00:00
66048.02,66149.0,66042.85,139.30151,66105.46,2024-06-16 02:30:00
65984.04,66150.01,65984.04,226.83228,66048.02,2024-06-16 02:00:00
66154.7,66170.99,65857.1,484.60842,65984.04,2024-06-16 01:30:00
66171.6,66208.0,66154.69,104.62556,66154.7,2024-06-16 01:00:00
66145.19,66174.62,66071.47,145.71627,66171.61,2024-06-16 00:30:00
66180.0,66180.0,66139.5,128.10686,66145.19,2024-06-16 00:00:00
66250.0,66250.0,66148.0,215.94387,66180.0,2024-06-15 23:30:00
66276.0,66304.94,66233.21,215.45198,66250.01,2024-06-15 23:00:00
66184.0,66279.46,66133.92,211.33692,66276.01,2024-06-15 22:30:00
66252.46,66279.49,66179.99,185.53807,66184.0,2024-06-15 22:00:00
66316.02,66360.0,66236.0,224.92756,66252.47,2024-06-15 21:30:00
66323.99,66369.81,66248.16,295.9948,66316.02,2024-06-15 21:00:00
66220.51,66478.48,66210.83,557.45714,66324.0,2024-06-15 20:30:00
66219.17,66257.86,66153.84,353.88133,66220.52,2024-06-15 20:00:00
66313.47,66313.47,66192.0,210.43929,66219.18,2024-06-15 19:30:00
66334.56,66346.85,66240.11,162.92433,66313.47,2024-06-15 19:00:00
66348.01,66354.82,66275.01,177.47765,66334.56,2024-06-15 18:30:00
66300.0,66359.99,66222.7,201.00268,66348.01,2024-06-15 18:00:00
66319.94,66360.0,66300.0,141.37015,66300.01,2024-06-15 17:30:00
66345.0,66345.01,66277.31,173.56475,66319.95,2024-06-15 17:00:00
66300.01,66348.0,66264.01,333.52561,66345.01,2024-06-15 16:30:00
66218.35,66306.31,66218.34,182.73956,66300.01,2024-06-15 16:00:00
66227.0,66247.01,66195.91,178.69425,66218.35,2024-06-15 15:30:00
66204.94,66227.17,66086.51,204.75992,66227.0,2024-06-15 15:00:00
66221.31,66280.8,66204.94,134.53287,66204.95,2024-06-15 14:30:00
66166.6,66221.31,66166.59,124.77194,66221.31,2024-06-15 14:00:00
66076.99,66197.31,66076.98,161.18889,66166.6,2024-06-15 13:30:00
66118.92,66136.0,66065.8,279.80333,66076.99,2024-06-15 13:00:00
66168.57,66200.0,66098.2,793.8086,66118.93,2024-06-15 12:30:00
66311.7,66311.71,66127.0,569.28535,66168.57,2024-06-15 12:00:00
66231.81,66416.66,66231.81,279.52116,66311.71,2024-06-15 11:30:00
66369.25,66369.25,66215.29,219.5082,66231.82,2024-06-15 11:00:00
66246.84,66389.1,66246.84,240.21114,66369.25,2024-06-15 10:30:00
66220.0,66336.0,66210.0,243.28292,66246.85,2024-06-15 10:00:00
66267.87,66380.58,66210.0,266.05117,66220.0,2024-06-15 09:30:00
66232.93,66267.87,66196.33,263.55991,66267.87,2024-06-15 09:00:00
66215.34,66273.88,66192.0,218.3013,66232.93,2024-06-15 08:30:00
66168.16,66253.29,66168.15,153.58729,66215.35,2024-06-15 08:00:00
66076.0,66190.12,66050.32,156.5963,66168.16,2024-06-15 07:30:00
66104.95,66142.0,66064.88,111.82283,66076.01,2024-06-15 07:00:00
66185.62,66290.0,66075.11,269.00257,66104.95,2024-06-15 06:30:00
66116.57,66287.76,66076.0,344.87376,66185.62,2024-06-15 06:00:00
66043.99,66166.5,65967.5,490.50507,66116.58,2024-06-15 05:30:00
66004.01,66081.39,66000.0,127.69319,66043.99,2024-06-15 05:00:00
66014.01,66076.0,65916.0,220.78796,66004.01,2024-06-15 04:30:00
65965.2,66059.13,65932.01,216.04381,66014.01,2024-06-15 04:00:00
66196.01,66252.0,65882.35,652.98617,65965.2,2024-06-15 03:30:00
66116.0,66627.52,66024.05,1371.69275,66196.01,2024-06-15 03:00:00
65766.41,66116.0,65725.77,471.45724,66115.99,2024-06-15 02:30:00
65904.02,65970.23,65684.51,359.54263,65766.41,2024-06-15 02:00:00
65520.02,65917.82,65480.0,541.83253,65904.02,2024-06-15 01:30:00
65670.51,65684.0,65400.01,377.38337,65520.02,2024-06-15 01:00:00
65524.85,65683.48,65299.99,520.50911,65670.52,2024-06-15 00:30:00
65264.17,65537.31,65233.1,819.13092,65524.86,2024-06-15 00:00:00
65416.01,65437.76,65078.0,828.65873,65264.17,2024-06-14 23:30:00
65523.2,65753.23,65328.0,630.18143,65416.01,2024-06-14 23:00:00
65293.39,65556.62,65078.31,979.19059,65523.19,2024-06-14 22:30:00
65323.86,65592.0,65200.87,1948.28655,65293.4,2024-06-14 22:00:00
66392.0,66520.0,65298.8,3580.43683,65323.86,2024-06-14 21:30:00
66909.25,67059.46,66344.67,1135.22411,66392.0,2024-06-14 21:00:00
66982.98,66994.45,66760.55,477.59168,66909.24,2024-06-14 20:30:00
66697.72,67016.51,66561.3,924.66186,66982.98,2024-06-14 20:00:00
67070.49,67115.25,66601.01,1016.48003,66697.73,2024-06-14 19:30:00
67331.18,67370.24,67066.2,514.65167,67070.5,2024-06-14 19:00:00
67083.31,67331.18,66950.0,734.1575,67331.18,2024-06-14 18:30:00
67194.01,67235.89,66980.0,367.21343,67083.3,2024-06-14 18:00:00
67035.99,67288.0,66960.58,560.47804,67194.0,2024-06-14 17:30:00
67062.41,67101.0,67000.0,280.094,67036.0,2024-06-14 17:00:00
66873.15,67063.15,66746.4,473.41003,67062.42,2024-06-14 16:30:00
66930.51,66940.09,66860.0,217.31487,66873.14,2024-06-14 16:00:00
66920.01,67015.92,66836.54,403.16372,66930.51,2024-06-14 15:30:00
67066.73,67066.73,66899.39,376.51344,66920.01,2024-06-14 15:00:00
67152.04,67152.04,67000.0,448.24382,67066.73,2024-06-14 14:30:00
67148.25,67232.0,67072.01,409.08897,67152.04,2024-06-14 14:00:00
66904.98,67256.32,66863.46,776.10475,67148.25,2024-06-14 13:30:00
66941.28,67110.1,66885.68,721.40475,66904.98,2024-06-14 13:00:00
66962.4,67050.67,66940.0,236.45044,66941.28,2024-06-14 12:30:00
66911.02,67059.09,66876.0,372.64778,66962.41,2024-06-14 12:00:00
67052.5,67124.29,66900.0,358.68556,66911.01,2024-06-14 11:30:00
66830.0,67221.32,66820.77,670.09679,67052.49,2024-06-14 11:00:00
66717.38,66830.0,66707.76,224.21151,66830.0,2024-06-14 10:30:00
66833.33,66833.33,66717.0,158.61917,66717.39,2024-06-14 10:00:00
66744.0,66833.33,66741.5,200.92825,66833.32,2024-06-14 09:30:00
66725.64,66778.63,66676.28,208.17326,66744.0,2024-06-14 09:00:00
66952.01,66982.98,66717.3,337.3359,66725.64,2024-06-14 08:30:00
66796.95,67027.32,66784.02,386.48008,66952.0,2024-06-14 08:00:00
66806.17,66859.99,66713.5,345.61663,66795.6,2024-06-14 07:30:00
66632.38,66833.1,66480.0,353.0665,66806.17,2024-06-14 07:00:00
66727.73,66760.0,66547.1,311.97894,66632.38,2024-06-14 06:30:00
66784.96,66799.72,66604.6,265.97365,66727.73,2024-06-14 06:00:00
66773.01,66897.96,66658.17,496.31303,66784.96,2024-06-14 05:30:00
66885.11,66909.26,66752.93,152.94569,66773.01,2024-06-14 05:00:00
66895.99,66897.0,66681.4,219.10997,66885.11,2024-06-14 04:30:00
66911.53,66980.0,66858.34,172.08888,66896.0,2024-06-14 04:00:00
66969.99,66969.99,66840.07,244.75249,66911.54,2024-06-14 03:30:00
66713.7,66969.99,66713.69,229.05199,66969.99,2024-06-14 03:00:00
66712.97,66807.02,66680.14,303.94139,66713.69,2024-06-14 02:30:00
66691.17,66712.98,66530.84,288.50662,66712.98,2024-06-14 02:00:00
66604.01,66810.48,66577.0,310.78416,66691.17,2024-06-14 01:30:00
66828.92,66828.93,66588.83,435.86637,66604.01,2024-06-14 01:00:00
66862.99,66884.0,66676.0,386.74527,66828.93,2024-06-14 00:30:00
66868.01,66930.0,66693.43,355.83605,66862.99,2024-06-14 00:00:00
66919.99,66976.87,66748.0,452.75439,66868.02,2024-06-13 23:30:00
66722.85,66930.0,66639.47,505.63377,66920.0,2024-06-13 23:00:00
66976.01,67080.13,66710.02,624.26921,66722.86,2024-06-13 22:30:00
66666.0,67019.42,66576.0,970.41317,66976.0,2024-06-13 22:00:00
66470.01,66824.0,66251.78,1360.31505,66665.99,2024-06-13 21:30:00
66980.01,67047.98,66368.76,2164.59679,66470.01,2024-06-13 21:00:00
67365.62,67537.87,66940.35,1212.358,66980.02,2024-06-13 20:30:00
67284.02,67739.28,67284.02,997.30272,67365.62,2024-06-13 20:00:00
67590.0,67679.94,67150.0,1243.97408,67284.02,2024-06-13 19:30:00
68033.26,68272.0,67521.55,1154.84274,67589.99,2024-06-13 19:00:00
67749.54,68099.22,67617.71,742.04082,68033.26,2024-06-13 18:30:00
67854.54,68449.3,67439.43,2324.96019,67749.54,2024-06-13 18:00:00
67740.0,67876.0,67710.0,331.83783,67854.53,2024-06-13 17:30:00
67924.28,67961.07,67648.49,371.40683,67739.99,2024-06-13 17:00:00
67820.4,67930.0,67733.69,618.70498,67924.28,2024-06-13 16:30:00
67385.51,67971.2,67371.1,734.47905,67820.4,2024-06-13 16:00:00
67419.86,67486.03,67230.94,365.32696,67385.51,2024-06-13 15:30:00
67385.07,67445.0,67168.0,705.64759,67419.86,2024-06-13 15:00:00
67565.57,67569.67,67318.2,356.92844,67385.07,2024-06-13 14:30:00
67590.48,67628.48,67508.0,268.4425,67565.56,2024-06-13 14:00:00
67724.8,67752.06,67576.6,341.28334,67590.48,2024-06-13 13:30:00
67688.56,67724.81,67612.23,266.35998,67724.81,2024-06-13 13:00:00
67518.58,67696.44,67399.99,386.9108,67688.55,2024-06-13 12:30:00
67470.96,67575.76,67300.3,316.81543,67518.57,2024-06-13 12:00:00
67604.04,67614.55,67401.29,301.92189,67470.95,2024-06-13 11:30:00
67579.82,67680.0,67529.34,316.47496,67604.04,2024-06-13 11:00:00
67328.01,67631.85,67328.01,325.23274,67579.83,2024-06-13 10:30:00
67672.77,67672.78,67328.0,373.51039,67328.01,2024-06-13 10:00:00
67474.95,67729.41,67432.0,676.5324,67672.78,2024-06-13 09:30:00
67434.84,67494.8,66969.98,1477.70135,67474.94,2024-06-13 09:00:00
67734.8,67850.08,67399.36,971.58453,67434.84,2024-06-13 08:30:00
68100.01,68177.0,67690.95,773.37786,67734.81,2024-06-13 08:00:00
67979.63,68140.0,67832.35,648.16621,68100.01,2024-06-13 07:30:00
68119.92,68175.99,67910.0,425.26975,67979.63,2024-06-13 07:00:00
68330.02,68363.35,68084.08,219.30526,68119.92,2024-06-13 06:30:00
68185.03,68393.63,68104.0,312.04413,68330.02,2024-06-13 06:00:00
68263.98,68290.0,68005.85,341.2007,68185.03,2024-06-13 05:30:00
68216.1,68275.94,68176.0,160.51778,68263.99,2024-06-13 05:00:00
68345.81,68347.0,68124.0,265.0725,68216.11,2024-06-13 04:30:00
68306.52,68380.0,68270.92,203.39914,68345.82,2024-06-13 04:00:00
68536.0,68539.99,68279.79,387.82911,68306.53,2024-06-13 03:30:00
68434.63,68667.44,68338.31,647.17182,68536.0,2024-06-13 03:00:00
68103.96,68434.64,68097.91,316.43478,68434.64,2024-06-13 02:30:00
67940.47,68312.0,67900.01,840.7842,68103.97,2024-06-13 02:00:00
67532.92,67960.01,67413.51,1068.96456,67940.47,2024-06-13 01:30:00
68530.47,68583.2,67250.0,3438.12566,67532.92,2024-06-13 01:00:00
68828.0,69226.14,68512.0,1345.31848,68530.46,2024-06-13 00:30:00
69196.01,69390.0,68575.0,1951.40125,68828.01,2024-06-13 00:00:00
69800.0,69808.47,68800.0,2637.36378,69196.01,2024-06-12 23:30:00
69657.13,69862.4,69565.0,773.55741,69799.99,2024-06-12 23:00:00
69616.01,69675.0,69492.0,420.27341,69657.13,2024-06-12 22:30:00
69331.11,69651.97,69289.5,555.3344,69616.0,2024-06-12 22:00:00
69734.0,69786.46,69322.58,766.64761,69331.1,2024-06-12 21:30:00
69826.73,69826.73,69539.54,843.25583,69734.0,2024-06-12 21:00:00
69960.56,69999.0,69720.85,1010.50502,69826.72,2024-06-12 20:30:00
69867.87,69980.0,69698.3,1094.95534,69960.57,2024-06-12 20:00:00
69320.01,69935.99,69300.01,1340.41684,69867.87,2024-06-12 19:30:00
69183.99,69507.8,69111.78,961.39926,69320.0,2024-06-12 19:00:00
69339.29,69649.8,69084.0,1773.70313,69184.0,2024-06-12 18:30:00
68010.0,69488.0,68010.0,4809.07344,69339.29,2024-06-12 18:00:00
67778.43,68010.0,67736.0,570.32698,68010.0,2024-06-12 17:30:00
67820.01,67872.96,67716.22,427.24778,67778.43,2024-06-12 17:00:00
67991.99,68015.4,67808.02,339.43423,67820.0,2024-06-12 16:30:00
67859.04,68059.01,67792.0,374.9491,67991.98,2024-06-12 16:00:00
67753.33,68019.0,67753.32,781.6645,67859.03,2024-06-12 15:30:00
67451.76,67804.0,67411.9,630.06073,67753.32,2024-06-12 15:00:00
67393.47,67496.0,67353.02,275.07951,67451.76,2024-06-12 14:30:00
67396.05,67459.46,67376.1,224.23544,67393.46,2024-06-12 14:00:00
67453.64,67532.64,67396.05,306.04911,67396.05,2024-06-12 13:30:00
67383.73,67500.01,67341.2,322.22622,67453.63,2024-06-12 13:00:00
67281.63,67440.0,67229.78,318.76296,67383.74,2024-06-12 12:30:00
67335.97,67382.81,67269.66,248.39482,67281.64,2024-06-12 12:00:00
67243.21,67381.25,67243.2,272.13324,67335.97,2024-06-12 11:30:00
67370.08,67418.74,67195.97,328.03158,67243.21,2024-06-12 11:00:00
67481.6,67505.13,67360.0,249.74515,67370.08,2024-06-12 10:30:00
67540.0,67624.89,67462.09,387.62862,67481.59,2024-06-12 10:00:00
67407.01,67580.11,67350.01,585.59544,67540.01,2024-06-12 09:30:00
67353.22,67460.0,67317.77,202.88229,67407.0,2024-06-12 09:00:00
67415.26,67496.25,67352.22,387.04238,67353.22,2024-06-12 08:30:00
67529.25,67558.8,67329.74,406.93459,67415.25,2024-06-12 08:00:00
67180.0,67596.15,67128.08,470.53638,67529.24,2024-06-12 07:30:00
66980.0,67187.71,66905.0,344.40662,67180.01,2024-06-12 07:00:00
67199.99,67240.0,66906.25,544.90126,66979.99,2024-06-12 06:30:00
67232.01,67307.06,67183.47,242.64771,67199.99,2024-06-12 06:00:00
67314.23,67436.53,67231.58,322.90217,67232.0,2024-06-12 05:30:00
67364.5,67388.01,67309.91,203.32147,67314.24,2024-06-12 05:00:00
67360.22,67588.22,67349.88,427.90193,67364.5,2024-06-12 04:30:00
67384.22,67384.22,67311.42,179.81931,67360.22,2024-06-12 04:00:00
67396.61,67572.54,67365.38,320.65677,67384.21,2024-06-12 03:30:00
67305.77,67396.62,67202.26,192.35741,67396.61,2024-06-12 03:00:00
67290.07,67327.09,67253.2,222.20573,67305.77,2024-06-12 02:30:00
67332.6,67332.6,67173.92,344.92404,67290.07,2024-06-12 02:00:00
67407.02,67500.0,67257.01,495.0888,67332.59,2024-06-12 01:30:00
67164.58,67586.64,67158.01,830.89369,67407.01,2024-06-12 01:00:00
67117.31,67277.98,67070.51,588.62672,67164.58,2024-06-12 00:30:00
66994.63,67229.93,66936.87,938.96367,67117.3,2024-06-12 00:00:00
66771.0,67055.92,66652.39,668.28062,66994.63,2024-06-11 23:30:00
66295.02,66805.98,66272.0,659.43527,66770.99,2024-06-11 23:00:00
66487.48,66644.0,66175.0,867.7027,66295.03,2024-06-11 22:30:00
66607.98,66738.78,66325.62,786.87824,66487.47,2024-06-11 22:00:00
66244.48,66691.08,66161.26,1210.36969,66607.98,2024-06-11 21:30:00
66862.7,66880.0,66051.0,2940.24265,66244.48,2024-06-11 21:00:00
66851.27,67076.0,66633.16,858.38772,66862.69,2024-06-11 20:30:00
66920.61,67103.42,66840.01,542.34774,66851.26,2024-06-11 20:00:00
66812.01,67027.43,66776.81,875.225,66920.62,2024-06-11 19:30:00
67259.65,67259.65,66568.35,1780.42709,66812.0,2024-06-11 19:00:00
67020.0,67278.88,66855.0,763.00328,67259.65,2024-06-11 18:30:00
66807.48,67163.92,66807.48,762.77452,67019.99,2024-06-11 18:00:00
66890.0,67194.31,66790.8,827.21563,66807.48,2024-06-11 17:30:00
66934.68,67039.44,66790.0,749.53772,66890.01,2024-06-11 17:00:00
66961.99,67123.13,66762.58,1012.93784,66934.68,2024-06-11 16:30:00
67267.18,67267.91,66864.58,665.60993,66961.99,2024-06-11 16:00:00
67084.33,67303.46,66732.0,1336.64377,67267.18,2024-06-11 15:30:00
67378.48,67427.99,66900.0,1520.4678,67084.34,2024-06-11 15:00:00
67516.75,67662.49,67331.18,494.45362,67378.48,2024-06-11 14:30:00
67450.0,67624.0,67436.0,445.05503,67516.74,2024-06-11 14:00:00
67570.18,67641.03,67284.38,1057.79315,67450.0,2024-06-11 13:30:00
67841.95,67844.76,67526.95,705.26878,67570.18,2024-06-11 13:00:00
67691.99,67841.96,67561.46,637.59636,67841.96,2024-06-11 12:30:00
67696.28,67745.33,67325.0,1038.17869,67692.0,2024-06-11 12:00:00
67903.58,67974.49,67556.55,757.44232,67696.28,2024-06-11 11:30:00
67863.94,67903.58,67657.03,819.20026,67903.57,2024-06-11 11:00:00
68024.03,68056.28,67829.82,709.95914,67863.95,2024-06-11 10:30:00
67941.64,68116.4,67637.21,1092.07377,68024.04,2024-06-11 10:00:00
68464.0,68464.0,67617.0,2038.07901,67941.65,2024-06-11 09:30:00
68453.3,68467.43,68314.33,579.44289,68464.0,2024-06-11 09:00:00
68268.62,68488.0,68170.0,708.58946,68453.29,2024-06-11 08:30:00
68155.99,68333.0,67970.0,1674.56838,68268.62,2024-06-11 08:00:00
68724.0,68922.29,67900.0,2563.37214,68155.99,2024-06-11 07:30:00
69439.48,69479.16,68500.0,1902.42749,68724.01,2024-06-11 07:00:00
69410.86,69523.71,69374.9,199.25202,69439.48,2024-06-11 06:30:00
69490.21,69535.99,69400.0,204.35191,69410.85,2024-06-11 06:00:00
69540.0,69590.01,69490.2,236.66471,69490.2,2024-06-11 05:30:00
69486.91,69563.38,69418.44,180.67521,69540.0,2024-06-11 05:00:00
69495.99,69555.0,69400.01,164.07395,69486.91,2024-06-11 04:30:00
69548.9,69548.9,69424.28,181.96759,69495.99,2024-06-11 04:00:00
69585.49,69592.0,69473.18,189.99214,69548.89,2024-06-11 03:30:00
69555.61,69606.5,69544.09,149.0481,69585.48,2024-06-11 03:00:00
69632.51,69694.68,69530.0,184.21241,69555.61,2024-06-11 02:30:00
69588.22,69700.51,69576.43,634.8848,69632.51,2024-06-11 02:00:00
69490.81,69588.23,69334.46,621.81519,69588.23,2024-06-11 01:30:00
69758.05,69758.06,69386.81,568.06489,69490.8,2024-06-11 01:00:00
69860.01,69860.01,69500.0,779.2254,69758.05,2024-06-11 00:30:00
69872.0,69939.98,69737.56,266.62439,69860.01,2024-06-11 00:00:00
70043.01,70141.1,69862.72,933.17334,69872.0,2024-06-10 23:30:00
69869.82,70060.0,69830.8,259.39938,70043.0,2024-06-10 23:00:00
69972.18,69972.18,69761.89,331.85647,69869.83,2024-06-10 22:30:00
69805.76,70027.59,69723.21,448.20231,69972.17,2024-06-10 22:00:00
70066.12,70105.82,69722.0,709.61528,69805.77,2024-06-10 21:30:00
69878.08,70195.94,69828.7,1248.8438,70066.12,2024-06-10 21:00:00
69662.1,69988.0,69612.26,841.97971,69878.08,2024-06-10 20:30:00
69453.41,69662.1,69412.9,547.72865,69662.09,2024-06-10 20:00:00
69408.21,69464.68,69300.01,271.11597,69453.4,2024-06-10 19:30:00
69333.94,69512.9,69201.59,577.06326,69408.21,2024-06-10 19:00:00
69364.0,69405.47,69270.0,262.23978,69333.93,2024-06-10 18:30:00
69520.01,69520.01,69331.55,212.00253,69363.99,2024-06-10 18:00:00
69473.89,69520.01,69355.04,243.61198,69520.0,2024-06-10 17:30:00
69372.22,69550.0,69337.02,340.41468,69473.89,2024-06-10 17:00:00
69439.99,69440.0,69364.74,129.64707,69372.21,2024-06-10 16:30:00
69361.66,69440.0,69357.38,165.34047,69439.99,2024-06-10 16:00:00
69450.0,69470.93,69360.4,274.68544,69361.67,2024-06-10 15:30:00
69293.47,69474.39,69172.29,518.9352,69449.99,2024-06-10 15:00:00
69387.5,69436.3,69276.93,243.63666,69293.46,2024-06-10 14:30:00
69464.79,69494.99,69384.1,232.94956,69387.5,2024-06-10 14:00:00
69304.0,69484.39,69279.35,311.68829,69464.78,2024-06-10 13:30:00
69460.49,69467.99,69249.99,385.81337,69303.99,2024-06-10 13:00:00
69429.87,69500.0,69336.59,298.54155,69460.49,2024-06-10 12:30:00
69568.65,69584.41,69301.0,387.94983,69429.87,2024-06-10 12:00:00
69580.47,69618.76,69493.72,414.15449,69568.66,2024-06-10 11:30:00
69550.81,69594.0,69530.0,184.12649,69580.48,2024-06-10 11:00:00
69674.33,69674.33,69550.8,154.64643,69550.8,2024-06-10 10:30:00
69630.0,69677.5,69629.99,105.92892,69674.33,2024-06-10 10:00:00
69613.2,69638.27,69530.95,180.69932,69629.99,2024-06-10 09:30:00
69742.04,69744.66,69574.8,171.41685,69613.2,2024-06-10 09:00:00
69716.01,69767.41,69667.45,165.53504,69742.05,2024-06-10 08:30:00
69772.01,69801.34,69700.0,325.11296,69716.0,2024-06-10 08:00:00
69625.52,69790.0,69608.4,398.23824,69772.0,2024-06-10 07:30:00
69578.85,69686.42,69565.45,347.74725,69625.52,2024-06-10 07:00:00
69559.99,69603.6,69516.0,127.39808,69578.84,2024-06-10 06:30:00
69500.01,69560.0,69426.0,178.70672,69559.99,2024-06-10 06:00:00
69648.15,69655.11,69482.3,271.93997,69500.0,2024-06-10 05:30:00
69652.42,69684.93,69632.4,64.72786,69648.14,2024-06-10 05:00:00
69634.36,69663.62,69596.01,106.70617,69652.42,2024-06-10 04:30:00
69633.61,69675.84,69621.2,112.55395,69634.35,2024-06-10 04:00:00
69749.95,69787.13,69633.34,170.48421,69633.6,2024-06-10 03:30:00
69717.0,69821.53,69610.0,182.48697,69749.96,2024-06-10 03:00:00
69686.86,69734.7,69677.3,92.6164,69717.0,2024-06-10 02:30:00
69666.74,69700.0,69590.33,106.23585,69686.85,2024-06-10 02:00:00
69710.26,69730.81,69624.0,209.13789,69666.73,2024-06-10 01:30:00
69850.0,69852.0,69660.03,252.86873,69710.26,2024-06-10 01:00:00
69738.09,69857.14,69720.0,306.17418,69850.0,2024-06-10 00:30:00
69786.72,69808.0,69681.66,183.08174,69738.1,2024-06-10 00:00:00
69660.52,69848.32,69611.26,571.99027,69786.71,2024-06-09 23:30:00
69584.0,69666.0,69570.0,124.94506,69660.51,2024-06-09 23:00:00
69622.88,69698.48,69584.0,156.82082,69584.01,2024-06-09 22:30:00
69573.67,69636.98,69552.8,132.4078,69622.88,2024-06-09 22:00:00
69508.64,69616.39,69500.0,253.77546,69573.67,2024-06-09 21:30:00
69464.4,69565.0,69464.39,213.48154,69508.64,2024-06-09 21:00:00
69490.13,69590.37,69420.42,502.98463,69464.39,2024-06-09 20:30:00
69329.2,69495.71,69264.01,307.56126,69490.12,2024-06-09 20:00:00
69467.04,69559.0,69304.97,372.36498,69329.19,2024-06-09 19:30:00
69487.15,69490.74,69250.01,925.40053,69467.03,2024-06-09 19:00:00
69712.96,69777.0,69389.28,591.78361,69487.15,2024-06-09 18:30:00
69363.25,69760.0,69361.5,721.83142,69712.95,2024-06-09 18:00:00
69367.68,69380.0,69351.11,142.89565,69363.25,2024-06-09 17:30:00
69353.88,69389.0,69334.97,122.12846,69367.69,2024-06-09 17:00:00
69346.5,69363.99,69333.0,103.5371,69353.88,2024-06-09 16:30:00
69347.2,69356.0,69334.02,111.99003,69346.49,2024-06-09 16:00:00
69369.99,69373.24,69333.07,124.88261,69347.19,2024-06-09 15:30:00
69359.77,69397.19,69341.95,115.15242,69369.98,2024-06-09 15:00:00
69352.15,69359.78,69344.0,80.77108,69359.77,2024-06-09 14:30:00
69311.39,69356.0,69311.38,77.95935,69352.15,2024-06-09 14:00:00
69295.64,69343.45,69283.45,132.672,69311.39,2024-06-09 13:30:00
69370.61,69388.0,69273.47,267.81602,69295.64,2024-06-09 13:00:00
69391.02,69425.7,69361.21,100.65838,69370.6,2024-06-09 12:30:00
69365.4,69400.0,69323.74,106.12843,69391.01,2024-06-09 12:00:00
69293.48,69369.56,69276.95,140.18618,69365.4,2024-06-09 11:30:00
69293.47,69360.4,69293.47,109.01159,69293.47,2024-06-09 11:00:00
69304.44,69307.49,69234.73,92.52895,69293.48,2024-06-09 10:30:00
69300.0,69306.22,69274.79,95.12557,69304.44,2024-06-09 10:00:00
69259.38,69300.0,69244.64,120.08223,69300.0,2024-06-09 09:30:00
69200.0,69298.0,69184.01,165.2067,69259.38,2024-06-09 09:00:00
69174.92,69216.88,69130.24,146.05149,69199.99,2024-06-09 08:30:00
69221.58,69260.0,69139.93,241.89416,69174.93,2024-06-09 08:00:00
69285.01,69298.0,69219.98,145.03231,69221.57,2024-06-09 07:30:00
69289.99,69346.9,69285.0,91.88782,69285.0,2024-06-09 07:00:00
69268.7,69290.0,69230.0,115.41939,69289.99,2024-06-09 06:30:00
69276.23,69327.99,69225.84,146.509,69268.7,2024-06-09 06:00:00
69310.46,69310.46,69275.0,132.61884,69276.23,2024-06-09 05:30:00
69303.37,69335.13,69292.99,134.12052,69310.46,2024-06-09 05:00:00
69338.15,69340.0,69293.54,119.60424,69303.38,2024-06-09 04:30:00
69301.87,69347.72,69301.83,94.71463,69338.15,2024-06-09 04:00:00
69404.9,69404.91,69290.28,106.46342,69301.87,2024-06-09 03:30:00
69396.97,69424.47,69384.16,81.3536,69404.91,2024-06-09 03:00:00
69372.74,69400.0,69327.04,97.93435,69396.96,2024-06-09 02:30:00
69401.88,69401.89,69313.31,187.43223,69372.73,2024-06-09 02:00:00
69460.0,69475.18,69401.88,116.60248,69401.89,2024-06-09 01:30:00
69473.87,69480.0,69427.88,137.11102,69460.01,2024-06-09 01:00:00
69454.88,69490.0,69454.88,112.24529,69473.86,2024-06-09 00:30:00
69480.0,69480.0,69434.42,101.26865,69454.89,2024-06-09 00:00:00
69440.0,69480.0,69427.98,168.06016,69479.99,2024-06-08 23:30:00
69416.13,69470.0,69336.01,203.92208,69439.99,2024-06-08 23:00:00
69387.16,69467.93,69370.79,285.22498,69416.13,2024-06-08 22:30:00
69342.0,69404.0,69325.81,245.10626,69387.15,2024-06-08 22:00:00
69430.01,69470.16,69292.22,325.1256,69342.0,2024-06-08 21:30:00
69448.43,69480.0,69430.0,133.25716,69430.01,2024-06-08 21:00:00
69461.68,69491.36,69421.17,208.18024,69448.44,2024-06-08 20:30:00
69333.53,69462.25,69330.11,223.12211,69461.69,2024-06-08 20:00:00
69430.01,69431.99,69309.82,315.74046,69333.52,2024-06-08 19:30:00
69228.43,69430.01,69168.02,473.60594,69430.0,2024-06-08 19:00:00
69360.22,69360.23,69210.58,328.05302,69228.42,2024-06-08 18:30:00
69346.2,69373.25,69289.58,141.93223,69360.22,2024-06-08 18:00:00
69365.94,69430.0,69265.0,294.68123,69346.2,2024-06-08 17:30:00
69499.31,69499.32,69318.19,311.25621,69365.93,2024-06-08 17:00:00
69453.39,69515.0,69453.39,235.85451,69499.32,2024-06-08 16:30:00
69363.02,69495.98,69363.02,176.20053,69453.4,2024-06-08 16:00:00
69443.25,69463.65,69360.01,208.55694,69363.02,2024-06-08 15:30:00
69448.41,69495.99,69414.34,158.21786,69443.24,2024-06-08 15:00:00
69436.43,69465.0,69382.8,171.6676,69448.4,2024-06-08 14:30:00
69424.91,69464.0,69381.81,167.24577,69436.42,2024-06-08 14:00:00
69582.2,69582.2,69424.9,196.99431,69424.9,2024-06-08 13:30:00
69499.31,69582.2,69447.38,297.37742,69582.2,2024-06-08 13:00:00
69333.44,69500.55,69333.44,242.77557,69499.31,2024-06-08 12:30:00
69406.0,69410.0,69314.41,162.81605,69333.45,2024-06-08 12:00:00
69320.0,69414.89,69296.26,238.89195,69406.0,2024-06-08 11:30:00
69306.4,69342.79,69260.0,153.77353,69319.99,2024-06-08 11:00:00
69316.74,69319.74,69232.15,199.58208,69306.39,2024-06-08 10:30:00
69366.22,69377.88,69277.96,258.99053,69316.73,2024-06-08 10:00:00
69432.0,69466.92,69352.18,167.12384,69366.21,2024-06-08 09:30:00
69508.58,69525.0,69411.3,180.32764,69432.0,2024-06-08 09:00:00
69422.11,69508.59,69422.1,204.73145,69508.59,2024-06-08 08:30:00
69401.14,69441.85,69395.4,143.40859,69422.11,2024-06-08 08:00:00
69465.24,69465.25,69387.6,156.84947,69401.14,2024-06-08 07:30:00
69385.81,69475.04,69380.5,250.23567,69465.25,2024-06-08 07:00:00
69401.5,69434.98,69287.28,280.9213,69385.8,2024-06-08 06:30:00
69457.29,69482.75,69393.7,223.72487,69401.5,2024-06-08 06:00:00
69355.6,69457.3,69296.41,351.44408,69457.29,2024-06-08 05:30:00
69335.01,69389.02,69323.54,191.19959,69355.6,2024-06-08 05:00:00
69499.0,69499.0,69335.01,248.95151,69335.02,2024-06-08 04:30:00
69350.0,69585.96,69331.8,348.78268,69499.0,2024-06-08 04:00:00
69250.01,69369.66,69184.0,234.52108,69350.0,2024-06-08 03:30:00
69358.8,69358.81,69210.0,215.67569,69250.01,2024-06-08 03:00:00
69308.0,69377.85,69203.08,280.94926,69358.8,2024-06-08 02:30:00
69070.79,69318.3,69016.4,488.18591,69307.99,2024-06-08 02:00:00
69255.01,69266.81,68978.52,644.34524,69070.78,2024-06-08 01:30:00
69198.57,69448.0,69164.0,794.57372,69255.0,2024-06-08 01:00:00
69154.44,69200.0,68800.0,1139.56771,69198.57,2024-06-08 00:30:00
69041.01,69337.26,68869.0,1470.68749,69154.43,2024-06-08 00:00:00
69803.59,69887.99,68420.0,6800.65171,69041.01,2024-06-07 23:30:00
70438.04,70520.29,69800.37,1464.79061,69803.59,2024-06-07 23:00:00
70873.48,70873.48,70357.27,1120.97407,70438.04,2024-06-07 22:30:00
71181.63,71208.89,70779.0,542.21085,70873.47,2024-06-07 22:00:00
71111.55,71198.78,70938.09,583.75016,71181.63,2024-06-07 21:30:00
71088.86,71145.16,70850.0,752.75386,71111.54,2024-06-07 21:00:00
71430.93,71430.93,70970.13,897.29739,71088.85,2024-06-07 20:30:00
71340.01,71544.06,71260.0,471.13253,71430.94,2024-06-07 20:00:00
71534.6,71543.02,71170.58,519.93713,71340.01,2024-06-07 19:30:00
71377.95,71655.04,71205.21,715.56107,71534.6,2024-06-07 19:00:00
71234.09,71416.38,71056.7,839.66231,71377.96,2024-06-07 18:30:00
71933.2,71997.02,70633.21,3886.15357,71234.09,2024-06-07 18:00:00
71700.0,71971.84,71621.09,1773.9814,71933.19,2024-06-07 17:30:00
71401.28,71700.0,71401.28,923.91799,71699.99,2024-06-07 17:00:00
71377.37,71410.0,71303.4,314.49959,71401.28,2024-06-07 16:30:00
71260.73,71434.86,71202.4,272.46287,71377.38,2024-06-07 16:00:00
71302.06,71369.88,71252.1,305.23442,71260.74,2024-06-07 15:30:00
71204.92,71307.28,71150.0,306.18917,71302.07,2024-06-07 15:00:00
71117.2,71204.92,71060.5,299.54449,71204.92,2024-06-07 14:30:00
71168.34,71168.34,71080.33,334.80394,71117.2,2024-06-07 14:00:00
71110.01,71192.4,71048.12,419.45417,71168.33,2024-06-07 13:30:00
71270.62,71273.06,71068.16,494.90865,71110.0,2024-06-07 13:00:00
71265.7,71310.8,71170.0,359.17044,71270.62,2024-06-07 12:30:00
71236.7,71324.0,71162.38,363.90242,71265.7,2024-06-07 12:00:00
71290.6,71353.06,71222.81,225.54781,71236.7,2024-06-07 11:30:00
71320.0,71449.98,71269.24,618.96977,71290.6,2024-06-07 11:00:00
71226.52,71365.98,71170.0,1069.29488,71320.0,2024-06-07 10:30:00
71161.14,71274.7,71115.33,563.87187,71226.52,2024-06-07 10:00:00
70989.69,71227.02,70989.68,477.86161,71161.13,2024-06-07 09:30:00
70990.38,71015.2,70905.18,206.26968,70989.68,2024-06-07 09:00:00
70824.09,70991.47,70741.2,249.808,70990.38,2024-06-07 08:30:00
70756.34,70827.75,70663.59,235.34465,70824.08,2024-06-07 08:00:00
70840.0,70872.06,70756.34,234.23892,70756.35,2024-06-07 07:30:00
70746.2,70900.0,70670.48,211.59185,70840.01,2024-06-07 07:00:00
70883.05,70885.3,70702.37,281.47183,70746.21,2024-06-07 06:30:00
70835.6,70883.6,70822.75,209.88979,70883.05,2024-06-07 06:00:00
70799.06,70872.4,70740.0,193.9051,70835.59,2024-06-07 05:30:00
70803.4,70840.0,70763.86,277.25213,70799.06,2024-06-07 05:00:00
70901.01,70958.89,70748.8,326.41433,70803.39,2024-06-07 04:30:00
70737.52,70920.76,70737.52,424.96872,70901.01,2024-06-07 04:00:00
70740.51,70811.76,70664.0,231.53548,70737.51,2024-06-07 03:30:00
70693.33,70842.71,70693.33,127.96453,70740.51,2024-06-07 03:00:00
70720.01,70859.81,70667.0,281.47212,70693.34,2024-06-07 02:30:00
70579.97,70742.49,70579.97,278.49619,70720.01,2024-06-07 02:00:00
70479.49,70657.0,70117.64,1370.77801,70579.97,2024-06-07 01:30:00
70939.98,70939.99,70450.0,1030.84487,70479.49,2024-06-07 01:00:00
71075.0,71078.73,70879.05,385.47554,70939.98,2024-06-07 00:30:00
71029.84,71139.99,70960.0,276.34327,71075.0,2024-06-07 00:00:00
71098.3,71158.87,70871.57,315.08734,71029.83,2024-06-06 23:30:00
71179.99,71214.29,70961.74,499.65913,71098.31,2024-06-06 23:00:00
70948.95,71225.01,70800.0,800.73091,71180.0,2024-06-06 22:30:00
71058.34,71078.14,70825.0,1055.77036,70948.95,2024-06-06 22:00:00
71300.0,71379.93,71000.0,1150.64234,71058.34,2024-06-06 21:30:00
71596.77,71700.0,71250.61,789.44806,71300.0,2024-06-06 21:00:00
71464.56,71660.0,71340.01,734.86404,71596.76,2024-06-06 20:30:00
71191.96,71520.0,71182.64,813.54744,71464.57,2024-06-06 20:00:00
71123.1,71239.82,71020.57,773.74418,71191.96,2024-06-06 19:30:00
71165.83,71535.95,71080.46,1322.48935,71123.09,2024-06-06 19:00:00
71187.18,71250.01,71000.0,596.21362,71165.83,2024-06-06 18:30:00
71366.16,71443.6,71052.97,753.32034,71187.17,2024-06-06 18:00:00
71170.01,71397.2,71121.28,633.82429,71366.17,2024-06-06 17:30:00
71010.29,71204.59,71000.94,507.94876,71170.01,2024-06-06 17:00:00
70988.01,71104.88,70935.01,290.83043,71010.28,2024-06-06 16:30:00
70935.34,71000.0,70897.44,226.32409,70988.0,2024-06-06 16:00:00
70978.89,71000.0,70892.5,200.34405,70935.34,2024-06-06 15:30:00
70994.68,70994.68,70910.0,199.54329,70978.88,2024-06-06 15:00:00
70904.01,71147.28,70904.0,367.90896,70994.68,2024-06-06 14:30:00
70975.21,70975.22,70862.5,226.48551,70904.01,2024-06-06 14:00:00
71021.46,71039.5,70868.31,291.64204,70975.22,2024-06-06 13:30:00
70890.05,71069.62,70878.71,340.67668,71021.47,2024-06-06 13:00:00
70888.0,70970.25,70853.23,263.19231,70890.05,2024-06-06 12:30:00
70958.2,70958.2,70804.0,253.00483,70887.99,2024-06-06 12:00:00
70895.45,71037.72,70880.0,324.39232,70958.19,2024-06-06 11:30:00
70830.17,70932.6,70800.0,386.47363,70895.45,2024-06-06 11:00:00
71054.51,71084.4,70820.36,282.30948,70830.18,2024-06-06 10:30:00
70959.79,71106.46,70939.32,297.02955,71054.52,2024-06-06 10:00:00
71050.0,71064.0,70909.7,294.69566,70959.8,2024-06-06 09:30:00
71162.39,71170.77,71012.34,274.09819,71050.0,2024-06-06 09:00:00
71160.01,71188.0,71128.76,147.11679,71162.39,2024-06-06 08:30:00
71206.19,71228.95,71121.59,256.04089,71160.0,2024-06-06 08:00:00
71124.01,71237.02,71103.7,198.1433,71206.19,2024-06-06 07:30:00
71099.99,71189.97,71082.5,215.42981,71124.0,2024-06-06 07:00:00
71018.06,71140.0,70900.0,276.49902,71099.99,2024-06-06 06:30:00
71152.0,71183.99,70955.99,220.64743,71018.06,2024-06-06 06:00:00
71108.0,71179.59,71087.52,250.34088,71152.0,2024-06-06 05:30:00
70850.0,71172.0,70796.8,443.61937,71108.0,2024-06-06 05:00:00
71144.85,71294.47,70700.0,590.77676,70850.0,2024-06-06 04:30:00
71130.42,71274.11,71108.01,166.58856,71144.86,2024-06-06 04:00:00
71138.43,71264.28,71090.0,214.86116,71130.42,2024-06-06 03:30:00
71045.35,71192.34,71036.31,148.47563,71138.42,2024-06-06 03:00:00
71196.02,71211.34,71038.48,214.78711,71045.34,2024-06-06 02:30:00
71253.35,71254.8,71166.93,302.19434,71196.02,2024-06-06 02:00:00
71279.95,71357.68,71160.0,397.2665,71253.35,2024-06-06 01:30:00
70943.55,71398.73,70907.5,481.72531,71279.95,2024-06-06 01:00:00
71096.8,71181.03,70871.2,456.26005,70943.56,2024-06-06 00:30:00
71124.93,71211.99,70895.15,610.10055,71096.81,2024-06-06 00:00:00
71628.98,71748.22,70991.47,1168.43841,71124.93,2024-06-05 23:30:00
71433.22,71704.0,71404.73,597.56967,71628.98,2024-06-05 23:00:00
71312.78,71586.81,71231.48,770.33222,71433.22,2024-06-05 22:30:00
71646.29,71697.95,71268.0,789.16838,71312.77,2024-06-05 22:00:00
71580.01,71758.0,71414.78,731.16528,71646.29,2024-06-05 21:30:00
71543.57,71731.35,71360.72,1205.01869,71580.0,2024-06-05 21:00:00
70867.99,71574.09,70775.0,1562.8401,71543.57,2024-06-05 20:30:00
70739.99,71080.0,70700.8,901.11953,70867.99,2024-06-05 20:00:00
70730.7,70769.24,70383.66,952.2962,70739.99,2024-06-05 19:30:00
71115.59,71115.6,70588.0,926.14985,70730.7,2024-06-05 19:00:00
70940.01,71169.99,70886.65,759.34495,71115.6,2024-06-05 18:30:00
70774.03,71120.0,70657.24,858.842,70940.01,2024-06-05 18:00:00
70971.7,71030.0,70652.6,558.98872,70774.03,2024-06-05 17:30:00
70900.0,71093.96,70855.64,415.1766,70971.71,2024-06-05 17:00:00
70800.33,70999.0,70694.61,325.2701,70900.0,2024-06-05 16:30:00
70778.81,70904.57,70725.03,442.61904,70800.33,2024-06-05 16:00:00
70894.2,70908.59,70728.0,418.01022,70778.82,2024-06-05 15:30:00
70989.36,71013.59,70825.0,391.33409,70894.19,2024-06-05 15:00:00
70927.57,71032.08,70861.0,367.37295,70989.36,2024-06-05 14:30:00
71103.83,71136.0,70880.4,631.88575,70927.57,2024-06-05 14:00:00
71199.99,71243.6,71032.6,463.65811,71103.83,2024-06-05 13:30:00
71065.4,71379.21,71032.6,866.89691,71200.0,2024-06-05 13:00:00
71119.06,71214.26,71063.41,431.03601,71065.39,2024-06-05 12:30:00
70973.23,71150.0,70896.0,663.19394,71119.05,2024-06-05 12:00:00
70999.99,71008.0,70850.0,568.51312,70973.22,2024-06-05 11:30:00
71035.0,71046.19,70890.0,325.08613,70999.99,2024-06-05 11:00:00
71168.54,71196.0,70884.61,479.50186,71034.99,2024-06-05 10:30:00
71030.9,71260.0,71012.0,895.45818,71168.53,2024-06-05 10:00:00
70947.58,71045.04,70826.15,462.81343,71030.9,2024-06-05 09:30:00
70870.0,70991.73,70768.0,385.43528,70947.58,2024-06-05 09:00:00
70837.96,70941.84,70782.06,400.89463,70870.0,2024-06-05 08:30:00
70977.15,71140.3,70821.09,644.19998,70837.96,2024-06-05 08:00:00
70986.29,71011.42,70672.08,753.09961,70977.16,2024-06-05 07:30:00
71002.13,71275.0,70885.2,952.60429,70986.3,2024-06-05 07:00:00
70775.99,71007.97,70646.16,575.12129,71002.12,2024-06-05 06:30:00
70624.0,70900.0,70546.42,590.93117,70776.0,2024-06-05 06:00:00
70537.83,70645.0,70423.51,445.13879,70624.01,2024-06-05 05:30:00
70414.9,70610.0,70414.9,259.41418,70537.84,2024-06-05 05:00:00
70561.31,70591.99,70414.9,223.497,70414.91,2024-06-05 04:30:00
70645.41,70693.21,70510.0,294.5842,70561.3,2024-06-05 04:00:00
70620.01,70736.0,70529.99,461.59573,70645.41,2024-06-05 03:30:00
70491.99,70630.08,70440.0,341.97954,70620.0,2024-06-05 03:00:00
70402.69,70493.88,70340.41,218.3868,70491.99,2024-06-05 02:30:00
70262.56,70550.0,70223.92,304.99335,70402.69,2024-06-05 02:00:00
70423.61,70440.0,70168.67,371.26782,70262.55,2024-06-05 01:30:00
70472.0,70500.0,70092.5,892.97275,70423.6,2024-06-05 01:00:00
70693.67,70727.76,70460.0,620.1185,70472.0,2024-06-05 00:30:00
70928.99,71000.0,70687.56,1132.93125,70693.67,2024-06-05 00:00:00
70564.01,71063.45,70564.0,1552.084,70928.99,2024-06-04 23:30:00
70486.52,70700.0,70360.4,517.85761,70564.0,2024-06-04 23:00:00
70800.0,70833.52,70483.33,959.35201,70486.51,2024-06-04 22:30:00
70863.21,70999.0,70656.37,1468.86959,70800.0,2024-06-04 22:00:00
70445.0,70907.95,70388.17,2108.16882,70863.21,2024-06-04 21:30:00
69988.73,70480.0,69960.57,1629.92829,70445.0,2024-06-04 21:00:00
69651.49,70179.66,69463.83,1678.80664,69988.74,2024-06-04 20:30:00
69749.39,69857.36,69319.79,1262.58136,69651.49,2024-06-04 20:00:00
69527.99,70089.99,69527.99,2138.05772,69749.39,2024-06-04 19:30:00
69429.78,69830.75,69198.14,1603.99048,69527.99,2024-06-04 19:00:00
68946.56,69461.44,68946.55,706.5224,69429.78,2024-06-04 18:30:00
69059.0,69155.5,68884.48,465.02936,68946.56,2024-06-04 18:00:00
68955.84,69093.66,68843.73,516.76753,69059.0,2024-06-04 17:30:00
68928.37,69030.0,68841.87,270.07914,68955.85,2024-06-04 17:00:00
68890.66,68972.0,68852.0,248.40791,68928.38,2024-06-04 16:30:00
68806.8,68958.0,68789.8,278.49728,68890.66,2024-06-04 16:00:00
68717.92,68885.9,68701.83,373.14799,68806.81,2024-06-04 15:30:00
68704.81,68810.59,68567.32,398.86296,68717.92,2024-06-04 15:00:00
68836.54,68890.01,68599.87,854.9216,68704.81,2024-06-04 14:30:00
69110.3,69110.55,68827.0,247.41005,68836.54,2024-06-04 14:00:00
69013.62,69191.99,68880.99,471.95606,69110.3,2024-06-04 13:30:00
68993.01,69074.82,68945.48,362.68007,69013.63,2024-06-04 13:00:00
68905.43,69055.99,68894.21,200.21896,68993.02,2024-06-04 12:30:00
68948.44,69039.71,68900.01,300.67687,68905.43,2024-06-04 12:00:00
68956.01,68956.02,68745.68,851.42706,68948.44,2024-06-04 11:30:00
69110.9,69110.9,68914.28,249.97095,68956.01,2024-06-04 11:00:00
69061.22,69156.16,68992.46,200.15799,69110.9,2024-06-04 10:30:00
69228.62,69268.27,69057.12,141.90413,69061.22,2024-06-04 10:00:00
69170.22,69258.24,69105.92,243.71802,69228.61,2024-06-04 09:30:00
69212.25,69249.99,69152.0,147.17252,69170.22,2024-06-04 09:00:00
69139.58,69370.01,69114.98,241.48963,69212.25,2024-06-04 08:30:00
69265.0,69265.01,69080.8,176.81606,69139.57,2024-06-04 08:00:00
69215.41,69306.67,69168.39,249.87911,69265.0,2024-06-04 07:30:00
69012.98,69215.41,69001.24,304.31106,69215.4,2024-06-04 07:00:00
69001.4,69110.0,68900.6,190.84646,69012.99,2024-06-04 06:30:00
68784.01,69090.9,68770.19,274.09991,69001.41,2024-06-04 06:00:00
68809.89,68938.07,68629.9,611.37617,68784.01,2024-06-04 05:30:00
68882.73,68918.2,68730.51,252.53221,68809.9,2024-06-04 05:00:00
69042.51,69062.19,68860.42,216.49698,68882.72,2024-06-04 04:30:00
68970.85,69144.33,68964.68,246.36422,69042.51,2024-06-04 04:00:00
69081.17,69081.82,68810.0,323.15695,68970.85,2024-06-04 03:30:00
69040.0,69179.7,68965.34,232.09633,69081.17,2024-06-04 03:00:00
69101.28,69191.86,68899.51,329.20518,69040.01,2024-06-04 02:30:00
69403.7,69403.7,69101.27,213.04182,69101.28,2024-06-04 02:00:00
69204.0,69509.38,69160.01,711.88697,69403.7,2024-06-04 01:30:00
69111.65,69233.67,69021.77,336.34861,69204.0,2024-06-04 01:00:00
69288.41,69296.68,69059.99,332.27479,69111.66,2024-06-04 00:30:00
69294.51,69444.49,69260.0,330.26635,69288.41,2024-06-04 00:00:00
69268.98,69363.12,69162.98,322.85821,69294.52,2024-06-03 23:30:00
69162.32,69389.92,69162.32,304.10591,69268.97,2024-06-03 23:00:00
69080.02,69195.99,68800.0,481.91289,69162.32,2024-06-03 22:30:00
69243.99,69280.0,68899.89,704.07102,69080.02,2024-06-03 22:00:00
69615.27,69715.61,69152.63,904.55291,69243.99,2024-06-03 21:30:00
69130.0,69631.16,69102.32,735.27529,69615.28,2024-06-03 21:00:00
68776.01,69349.84,68760.0,1127.75154,69130.0,2024-06-03 20:30:00
69815.87,69831.89,68500.0,2509.15908,68776.01,2024-06-03 20:00:00
69795.33,70079.67,69623.24,1221.89777,69815.88,2024-06-03 19:30:00
69687.16,70288.0,69682.09,2188.49473,69795.34,2024-06-03 19:00:00
69746.23,69760.0,69521.04,561.54257,69687.15,2024-06-03 18:30:00
69399.99,69769.3,69290.0,1210.67489,69746.23,2024-06-03 18:00:00
69080.0,69444.0,69075.4,676.233,69400.0,2024-06-03 17:30:00
69196.15,69240.0,68992.95,375.92511,69080.0,2024-06-03 17:00:00
68908.0,69248.99,68824.0,522.02307,69196.15,2024-06-03 16:30:00
69175.33,69175.33,68876.98,716.90121,68907.99,2024-06-03 16:00:00
69014.89,69186.79,69014.88,284.80305,69175.32,2024-06-03 15:30:00
69004.99,69103.33,68998.41,314.92513,69014.88,2024-06-03 15:00:00
69142.54,69187.06,68913.72,354.40567,69005.0,2024-06-03 14:30:00
69264.56,69333.0,69137.0,577.76896,69142.55,2024-06-03 14:00:00
68906.7,69288.0,68906.69,680.16557,69264.56,2024-06-03 13:30:00
68881.4,68920.0,68804.0,359.87419,68906.7,2024-06-03 13:00:00
69038.94,69179.62,68864.11,1060.86476,68881.41,2024-06-03 12:30:00
69099.28,69221.0,68962.1,1359.58506,69038.94,2024-06-03 12:00:00
68699.99,69099.29,68632.01,1132.3329,69099.28,2024-06-03 11:30:00
68596.01,68780.0,68596.0,445.3251,68700.0,2024-06-03 11:00:00
68510.0,68666.66,68441.16,357.78586,68596.01,2024-06-03 10:30:00
68327.28,68600.0,68327.28,417.53062,68510.0,2024-06-03 10:00:00
68382.8,68469.35,68285.29,392.04719,68327.29,2024-06-03 09:30:00
68317.99,68518.7,68317.99,291.10698,68382.81,2024-06-03 09:00:00
68416.09,68451.07,68201.0,431.31989,68317.99,2024-06-03 08:30:00
68620.0,68660.0,68404.51,368.79785,68416.08,2024-06-03 08:00:00
68476.01,68793.97,68476.0,794.6364,68620.01,2024-06-03 07:30:00
68225.58,68553.67,68162.0,691.82912,68476.01,2024-06-03 07:00:00
67824.0,68340.03,67823.8,685.79957,68225.58,2024-06-03 06:30:00
67665.4,67873.87,67612.48,242.81719,67823.99,2024-06-03 06:00:00
67765.62,67860.0,67659.6,302.60333,67665.4,2024-06-03 05:30:00
67886.63,67886.72,67765.62,126.42882,67765.63,2024-06-03 05:00:00
67928.0,67984.01,67863.0,154.86,67886.63,2024-06-03 04:30:00
67946.99,67984.01,67850.0,136.8596,67927.99,2024-06-03 04:00:00
67816.13,67965.93,67809.96,193.73384,67947.0,2024-06-03 03:30:00
67827.83,67871.82,67755.0,85.72347,67816.14,2024-06-03 03:00:00
67831.21,67902.12,67779.72,177.55602,67827.83,2024-06-03 02:30:00
67692.57,67831.21,67686.6,120.99261,67831.2,2024-06-03 02:00:00
67736.95,67771.9,67577.65,244.03895,67692.58,2024-06-03 01:30:00
67595.24,67798.0,67560.0,298.83552,67736.95,2024-06-03 01:00:00
67697.14,67745.85,67257.47,1266.67742,67595.24,2024-06-03 00:30:00
67590.0,67754.63,67517.25,323.76456,67697.14,2024-06-03 00:00:00
67879.27,67879.28,67456.88,1156.6687,67590.01,2024-06-02 23:30:00
67929.63,68062.13,67808.66,713.81126,67879.28,2024-06-02 23:00:00
68103.63,68103.64,67866.66,468.14561,67929.64,2024-06-02 22:30:00
68057.91,68120.0,68028.0,167.14241,68103.63,2024-06-02 22:00:00
68142.18,68200.0,67980.0,273.13399,68057.91,2024-06-02 21:30:00
68072.1,68168.0,68046.0,203.78646,68142.17,2024-06-02 21:00:00
68252.51,68297.12,68016.19,262.02797,68072.1,2024-06-02 20:30:00
68345.67,68460.0,68119.39,697.13439,68252.5,2024-06-02 20:00:00
68165.97,68364.0,68073.65,1388.11853,68345.67,2024-06-02 19:30:00
68070.0,68214.66,67950.0,361.72531,68165.98,2024-06-02 19:00:00
67934.99,68092.0,67800.0,360.55115,68070.0,2024-06-02 18:30:00
68092.0,68143.79,67852.24,303.6613,67934.99,2024-06-02 18:00:00
68251.53,68305.0,67920.0,638.16126,68092.0,2024-06-02 17:30:00
67619.99,68320.08,67612.02,1021.97231,68251.52,2024-06-02 17:00:00
67530.0,67620.0,67492.6,191.99969,67619.99,2024-06-02 16:30:00
67506.56,67546.2,67442.42,126.41378,67529.99,2024-06-02 16:00:00
67530.0,67581.97,67367.2,254.77456,67506.55,2024-06-02 15:30:00
67585.44,67617.1,67377.79,630.8296,67529.99,2024-06-02 15:00:00
67750.68,67772.65,67585.43,375.24314,67585.43,2024-06-02 14:30:00
67753.8,67812.57,67747.02,159.12466,67750.67,2024-06-02 14:00:00
67721.01,67768.0,67671.81,198.66478,67753.79,2024-06-02 13:30:00
67748.0,67761.27,67721.0,161.43401,67721.0,2024-06-02 13:00:00
67841.09,67842.91,67720.41,181.04775,67747.99,2024-06-02 12:30:00
67782.4,67852.33,67781.44,196.22522,67841.09,2024-06-02 12:00:00
67728.41,67794.0,67724.6,130.34973,67782.41,2024-06-02 11:30:00
67803.23,67803.24,67728.4,117.36414,67728.4,2024-06-02 11:00:00
67852.62,67867.6,67789.12,90.82591,67803.24,2024-06-02 10:30:00
67812.35,67852.63,67811.73,78.32075,67852.62,2024-06-02 10:00:00
67789.48,67812.36,67745.18,100.96441,67812.36,2024-06-02 09:30:00
67798.81,67807.99,67785.0,76.33121,67789.47,2024-06-02 09:00:00
67733.25,67798.83,67726.31,163.77825,67798.82,2024-06-02 08:30:00
67756.02,67785.0,67643.33,196.6088,67733.26,2024-06-02 08:00:00
67755.0,67815.0,67726.81,143.66619,67756.02,2024-06-02 07:30:00
67865.87,67870.0,67710.0,167.71031,67755.0,2024-06-02 07:00:00
67888.99,67900.0,67764.01,240.36589,67865.86,2024-06-02 06:30:00
67796.94,67910.55,67760.64,147.31383,67889.0,2024-06-02 06:00:00
67766.84,67809.81,67744.0,151.45722,67796.95,2024-06-02 05:30:00
67751.61,67768.56,67723.0,60.44502,67766.85,2024-06-02 05:00:00
67765.41,67819.78,67751.6,103.3146,67751.61,2024-06-02 04:30:00
67845.25,67845.25,67765.4,101.16852,67765.4,2024-06-02 04:00:00
67760.01,67885.0,67710.0,162.28098,67845.25,2024-06-02 03:30:00
67760.01,67820.2,67719.38,172.47396,67760.01,2024-06-02 03:00:00
67796.54,67799.65,67713.23,117.88717,67760.01,2024-06-02 02:30:00
67742.28,67796.54,67731.54,123.59756,67796.54,2024-06-02 02:00:00
67753.76,67771.53,67700.0,213.58639,67742.28,2024-06-02 01:30:00
67728.52,67782.64,67710.0,88.36403,67753.76,2024-06-02 01:00:00
67750.7,67759.0,67685.72,86.16395,67728.52,2024-06-02 00:30:00
67733.03,67773.03,67726.32,86.36391,67750.71,2024-06-02 00:00:00
67791.02,67821.73,67731.13,190.74678,67733.03,2024-06-01 23:30:00
67675.95,67900.0,67556.72,1031.78025,67791.02,2024-06-01 23:00:00
67700.01,67700.01,67616.67,145.38256,67675.95,2024-06-01 22:30:00
67707.0,67719.92,67642.92,129.3437,67700.01,2024-06-01 22:00:00
67691.28,67719.99,67612.0,175.5294,67707.0,2024-06-01 21:30:00
67777.22,67791.77,67668.01,119.56476,67691.28,2024-06-01 21:00:00
67803.33,67824.0,67755.01,201.92582,67777.22,2024-06-01 20:30:00
67800.0,67870.0,67761.7,192.8083,67803.34,2024-06-01 20:00:00
67720.01,67820.0,67673.0,186.1969,67800.0,2024-06-01 19:30:00
67778.23,67822.65,67720.0,205.50247,67720.01,2024-06-01 19:00:00
67717.76,67837.0,67714.28,213.76729,67778.23,2024-06-01 18:30:00
67721.85,67872.5,67695.0,250.15444,67717.76,2024-06-01 18:00:00
67660.57,67723.07,67640.0,158.07396,67721.85,2024-06-01 17:30:00
67670.66,67694.0,67660.56,123.66785,67660.57,2024-06-01 17:00:00
67627.33,67679.5,67627.32,126.02166,67670.66,2024-06-01 16:30:00
67668.23,67703.24,67627.32,141.39819,67627.33,2024-06-01 16:00:00
67706.69,67750.0,67668.22,176.22849,67668.23,2024-06-01 15:30:00
67665.02,67709.99,67635.0,139.89686,67706.69,2024-06-01 15:00:00
67704.0,67760.0,67665.01,209.49249,67665.02,2024-06-01 14:30:00
67628.99,67741.06,67628.99,216.22309,67704.0,2024-06-01 14:00:00
67632.07,67664.12,67611.61,160.22471,67628.99,2024-06-01 13:30:00
67610.91,67733.01,67575.23,245.57699,67632.08,2024-06-01 13:00:00
67693.32,67706.63,67606.14,106.23009,67610.9,2024-06-01 12:30:00
67662.95,67696.0,67607.94,118.38772,67693.32,2024-06-01 12:00:00
67686.35,67729.87,67641.15,147.85115,67662.95,2024-06-01 11:30:00
67603.01,67810.0,67603.0,198.93037,67686.35,2024-06-01 11:00:00
67680.01,67685.64,67603.0,117.79359,67603.01,2024-06-01 10:30:00
67679.99,67726.84,67675.0,103.97539,67680.01,2024-06-01 10:00:00
67715.31,67763.81,67656.0,211.98858,67679.99,2024-06-01 09:30:00
67655.16,67757.14,67655.15,138.25714,67715.31,2024-06-01 09:00:00
67729.05,67739.6,67623.24,174.94418,67655.16,2024-06-01 08:30:00
67661.6,67740.0,67661.59,132.03395,67729.05,2024-06-01 08:00:00
67560.0,67710.0,67546.52,195.68563,67661.6,2024-06-01 07:30:00
67571.3,67588.0,67428.44,296.17115,67560.0,2024-06-01 07:00:00
67655.66,67710.29,67520.53,270.3886,67571.3,2024-06-01 06:30:00
67559.73,67689.64,67552.0,212.75264,67655.66,2024-06-01 06:00:00
67540.01,67703.89,67507.39,357.1181,67559.73,2024-06-01 05:30:00
67239.2,67602.6,67239.19,294.51607,67540.01,2024-06-01 05:00:00
67509.52,67564.0,67239.19,552.37482,67239.2,2024-06-01 04:30:00
67642.17,67642.17,67509.51,129.9749,67509.52,2024-06-01 04:00:00
67564.91,67668.0,67564.91,249.29661,67642.17,2024-06-01 03:30:00
67624.0,67690.77,67500.0,321.2096,67564.91,2024-06-01 03:00:00
67709.04,67710.0,67528.82,231.05519,67624.0,2024-06-01 02:30:00
67675.2,67755.0,67626.07,241.54401,67709.04,2024-06-01 02:00:00
67681.0,67798.0,67600.0,284.77465,67675.2,2024-06-01 01:30:00
67534.17,67999.0,67500.82,1197.93526,67681.0,2024-06-01 01:00:00
67414.88,67595.06,67342.24,445.52763,67534.17,2024-06-01 00:30:00
67305.5,67427.68,67170.0,569.03981,67414.88,2024-06-01 00:00:00
67342.77,67444.47,67288.2,383.04002,67305.5,2024-05-31 23:30:00
67417.98,67455.93,67287.97,287.26257,67342.77,2024-05-31 23:00:00
67200.01,67459.66,67160.3,598.68095,67417.98,2024-05-31 22:30:00
67000.01,67221.53,66876.8,788.25693,67200.01,2024-05-31 22:00:00
67215.58,67352.41,66670.0,2093.77494,67000.01,2024-05-31 21:30:00
67457.05,67476.96,67200.0,779.02564,67215.58,2024-05-31 21:00:00
67501.76,67548.38,67250.4,883.44763,67457.05,2024-05-31 20:30:00
67759.01,67858.08,67264.46,1728.34679,67501.76,2024-05-31 20:00:00
68078.34,68078.34,67676.76,1812.62878,67759.01,2024-05-31 19:30:00
68707.72,68779.67,68025.02,1396.76667,68078.34,2024-05-31 19:00:00
68643.59,68821.01,68619.0,744.72677,68707.72,2024-05-31 18:30:00
68560.0,69044.1,68531.02,1950.22958,68643.59,2024-05-31 18:00:00
68349.73,68605.17,68320.77,543.9692,68560.01,2024-05-31 17:30:00
68293.6,68461.0,68293.59,453.92579,68349.73,2024-05-31 17:00:00
68333.33,68434.9,68280.0,491.97636,68293.6,2024-05-31 16:30:00
68145.0,68333.33,68097.82,344.51522,68333.33,2024-05-31 16:00:00
67950.0,68274.14,67930.0,516.05438,68144.99,2024-05-31 15:30:00
67926.93,68000.0,67878.04,430.92515,67950.0,2024-05-31 15:00:00
68136.01,68184.4,67876.0,500.12744,67926.92,2024-05-31 14:30:00
68210.82,68265.73,68130.77,258.46532,68136.0,2024-05-31 14:00:00
68175.0,68310.9,68165.18,300.47273,68210.82,2024-05-31 13:30:00
68364.01,68364.01,68075.99,525.15386,68174.99,2024-05-31 13:00:00
68272.0,68431.88,68250.96,432.741,68364.01,2024-05-31 12:30:00
68391.65,68408.93,68225.52,273.10812,68272.0,2024-05-31 12:00:00
68442.72,68456.23,68256.29,271.53627,68391.64,2024-05-31 11:30:00
68379.24,68459.0,68294.25,309.96627,68442.72,2024-05-31 11:00:00
68516.59,68516.59,68290.0,324.02179,68379.25,2024-05-31 10:30:00
68520.0,68584.62,68486.0,387.99587,68516.59,2024-05-31 10:00:00
68535.81,68654.33,68520.0,229.95837,68520.0,2024-05-31 09:30:00
68504.0,68628.39,68487.95,204.14409,68535.81,2024-05-31 09:00:00
68539.99,68559.23,68494.0,119.35553,68504.01,2024-05-31 08:30:00
68524.09,68594.0,68500.0,138.72067,68539.99,2024-05-31 08:00:00
68439.99,68729.73,68430.0,600.46586,68524.09,2024-05-31 07:30:00
68516.49,68552.36,68314.35,306.77842,68440.0,2024-05-31 07:00:00
68460.01,68626.2,68420.0,317.5313,68516.49,2024-05-31 06:30:00
68330.0,68465.39,68274.0,226.28576,68460.0,2024-05-31 06:00:00
68352.17,68444.0,68306.86,218.69125,68330.01,2024-05-31 05:30:00
68449.31,68483.62,68334.19,200.45584,68352.17,2024-05-31 05:00:00
68314.93,68518.86,68251.0,218.47524,68449.3,2024-05-31 04:30:00
68364.01,68383.33,68287.13,142.91785,68314.93,2024-05-31 04:00:00
68416.75,68438.99,68241.79,250.43154,68364.01,2024-05-31 03:30:00
68375.61,68534.0,68359.94,170.4348,68416.76,2024-05-31 03:00:00
68475.99,68500.0,68324.0,232.13891,68375.6,2024-05-31 02:30:00
68453.99,68538.83,68350.28,344.94602,68475.99,2024-05-31 02:00:00
68653.02,68657.41,68050.01,1114.462,68453.99,2024-05-31 01:30:00
68959.25,69070.0,68435.0,1002.70348,68653.02,2024-05-31 01:00:00
69360.13,69366.46,68900.69,630.23009,68959.26,2024-05-31 00:30:00
69285.26,69370.0,69109.89,518.08604,69360.13,2024-05-31 00:00:00
69315.1,69420.0,69084.0,858.94292,69285.25,2024-05-30 23:30:00
69015.0,69500.0,69014.99,1935.44841,69315.1,2024-05-30 23:00:00
68676.0,69123.45,68664.0,1103.81873,69014.99,2024-05-30 22:30:00
68427.19,68691.64,68400.0,576.95148,68676.0,2024-05-30 22:00:00
68530.77,68600.0,68384.0,411.48792,68427.18,2024-05-30 21:30:00
68424.01,68612.0,68367.65,911.26349,68530.76,2024-05-30 21:00:00
68359.6,68460.84,68144.0,638.09219,68424.0,2024-05-30 20:30:00
68671.02,68756.41,68256.29,758.51827,68359.6,2024-05-30 20:00:00
68623.99,68826.31,68472.35,1274.59558,68671.02,2024-05-30 19:30:00
68200.0,68678.76,68063.99,1286.35302,68623.99,2024-05-30 19:00:00
68133.34,68366.11,68050.0,562.81196,68200.01,2024-05-30 18:30:00
